{
  "nodes": {
    "create-app-icon#4": {
      "rfNode": {
        "position": {
          "x": 1655.4800623859135,
          "y": 763.5900228432552
        }
      }
    },
    "tiny-pngs#1": {
      "contentWidth": 350,
      "rfNode": {
        "position": {
          "x": 2191.628154634236,
          "y": 809.2496300986617
        }
      }
    }
  },
  "pseudoNodes": {
    "input": {
      "rfNode": {
        "position": {
          "x": 1054.8770775530015,
          "y": 699.7987466083935
        }
      }
    },
    "output": {
      "rfNode": {
        "position": {
          "x": 2746.688467193623,
          "y": 725.3763615839619
        }
      }
    }
  }
}