{
  "nodes": {
    "create-app-icon#4": {
      "rfNode": {
        "position": {
          "x": 1746.6884671936234,
          "y": 825.3763615839619
        }
      }
    }
  }
}